{
  "stack": "bge-m3 + lexical rerank",
  "golden": 41,
  "n": 41,
  "precision": 0.0475609756097561,
  "recall": 0.12363693217351754,
  "f1": 0.04526413603630643
}